﻿<?xml version="1.0" encoding="utf-8" ?>
<Defs>

  <PawnKindDef Name="EM_MoonPirateBase" Abstract="True">
    <race>EM_Einan</race>
    <defaultFactionType>Pirate</defaultFactionType>
    <backstoryCategory>Raider</backstoryCategory>
    <baseRecruitDifficulty>0.65</baseRecruitDifficulty>
    <chemicalAddictionChance>0.10</chemicalAddictionChance>
    <backstoryCryptosleepCommonality>0.1</backstoryCryptosleepCommonality>
    <invNutrition>2.55</invNutrition>
    <apparelTags>
      <li>Outlander</li>
    </apparelTags>
  </PawnKindDef>

  <PawnKindDef ParentName="EM_MoonPirateBase">
    <defName>Drifter</defName>
    <label>drifter</label>
    <combatPower>30</combatPower>
    <invNutrition>0</invNutrition>
    <gearHealthRange>
      <min>0.2</min>
      <max>0.6</max>
    </gearHealthRange>
    <itemQuality>Shoddy</itemQuality>
    <apparelMoney>
      <min>90</min>
      <max>280</max>
    </apparelMoney>
    <apparelAllowHeadwearChance>0.2</apparelAllowHeadwearChance>
    <weaponMoney>
      <min>60</min>
      <max>200</max>
    </weaponMoney>
    <weaponTags>
      <li>SimpleGun</li>
      <li>NonNeolithicOnlySimpleMelee</li>
    </weaponTags>
    <techHediffsMoney>
      <min>0</min>
      <max>35</max>
    </techHediffsMoney>
    <techHediffsTags>
      <li>Poor</li>
    </techHediffsTags>
    <techHediffsChance>0.1</techHediffsChance>
    <inventoryOptions>
      <skipChance>0.9</skipChance>
      <subOptionsChooseOne>
        <li>
          <thingDef>Silver</thingDef>
          <countRange>
            <min>30</min>
            <max>70</max>
          </countRange>
        </li>
        <li>
          <thingDef>Medicine</thingDef>
          <countRange>
            <min>1</min>
            <max>1</max>
          </countRange>
        </li>
      </subOptionsChooseOne>
    </inventoryOptions>
  </PawnKindDef>

  <PawnKindDef ParentName="EM_MoonPirateBase">
    <defName>EM_MoonScavenger</defName>
    <label>scavenger</label>
    <combatPower>45</combatPower>
    <gearHealthRange>
      <min>0.2</min>
      <max>0.9</max>
    </gearHealthRange>
    <itemQuality>Poor</itemQuality>
    <backstoryCryptosleepCommonality>0.1</backstoryCryptosleepCommonality>
    <apparelMoney>
      <min>300</min>
      <max>500</max>
    </apparelMoney>
    <apparelAllowHeadwearChance>0.3</apparelAllowHeadwearChance>
    <weaponMoney>
      <min>250</min>
      <max>312</max>
    </weaponMoney>
    <weaponTags>
      <li>Gun</li>
    </weaponTags>
    <techHediffsMoney>
      <min>0</min>
      <max>35</max>
    </techHediffsMoney>
    <techHediffsTags>
      <li>Poor</li>
    </techHediffsTags>
    <techHediffsChance>0.1</techHediffsChance>
    <inventoryOptions>
      <skipChance>0.9</skipChance>
      <subOptionsChooseOne>
        <li>
          <thingDef>Silver</thingDef>
          <countRange>
            <min>25</min>
            <max>50</max>
          </countRange>
        </li>
        <li>
          <thingDef>Medicine</thingDef>
          <countRange>
            <min>1</min>
            <max>1</max>
          </countRange>
        </li>
      </subOptionsChooseOne>
    </inventoryOptions>
  </PawnKindDef>

  <PawnKindDef ParentName="EM_MoonPirateBase">
    <defName>EM_MoonThrasher</defName>
    <label>thrasher</label>
    <race>Human</race>
    <combatPower>45</combatPower>
    <itemQuality>Poor</itemQuality>
    <backstoryCryptosleepCommonality>0.2</backstoryCryptosleepCommonality>
    <maxGenerationAge>480</maxGenerationAge>
    <factionLeader>true</factionLeader>
    <gearHealthRange>
      <min>0.4</min>
      <max>1.1</max>
    </gearHealthRange>
    <apparelMoney>
      <min>300</min>
      <max>800</max>
    </apparelMoney>
    <apparelTags>
      <li>Outlander</li>
			<li>BeltDefense</li>
		</apparelTags>
    <apparelAllowHeadwearChance>0.8</apparelAllowHeadwearChance>
    <weaponMoney>
      <min>60</min>
      <max>150</max>
    </weaponMoney>
    <weaponTags>
      <li>NonNeolithicOnlyMelee</li>
    </weaponTags>
    <techHediffsMoney>
      <min>0</min>
      <max>35</max>
    </techHediffsMoney>
    <techHediffsTags>
      <li>Poor</li>
    </techHediffsTags>
    <techHediffsChance>0.1</techHediffsChance>
    <inventoryOptions>
      <skipChance>0.9</skipChance>
      <subOptionsChooseOne>
        <li>
          <thingDef>Silver</thingDef>
          <countRange>
            <min>25</min>
            <max>50</max>
          </countRange>
        </li>
        <li>
          <thingDef>Medicine</thingDef>
          <countRange>
            <min>1</min>
            <max>1</max>
          </countRange>
        </li>
      </subOptionsChooseOne>
    </inventoryOptions>
  </PawnKindDef>

  <PawnKindDef ParentName="EM_MoonPirateBase">
    <defName>EM_MoonPirate</defName>
    <label>pirate</label>
    <race>Human</race>
    <combatPower>65</combatPower>
    <maxGenerationAge>500</maxGenerationAge>
    <gearHealthRange>
      <min>0.4</min>
      <max>1.5</max>
    </gearHealthRange>
    <apparelMoney>
      <min>500</min>
      <max>1100</max>
    </apparelMoney>
    <apparelTags>
      <li>Outlander</li>
    </apparelTags>
    <apparelAllowHeadwearChance>0.7</apparelAllowHeadwearChance>
    <weaponMoney>
      <min>450</min>
      <max>600</max>
    </weaponMoney>
    <weaponTags>
      <li>Gun</li>
    </weaponTags>
    <techHediffsMoney>
      <min>0</min>
      <max>35</max>
    </techHediffsMoney>
    <techHediffsTags>
      <li>Poor</li>
    </techHediffsTags>
    <techHediffsChance>0.1</techHediffsChance>
    <inventoryOptions>
      <skipChance>0.8</skipChance>
      <subOptionsChooseOne>
        <li>
          <thingDef>Silver</thingDef>
          <countRange>
            <min>40</min>
            <max>80</max>
          </countRange>
        </li>
        <li>
          <thingDef>Medicine</thingDef>
          <countRange>
            <min>1</min>
            <max>1</max>
          </countRange>
        </li>
      </subOptionsChooseOne>
    </inventoryOptions>
  </PawnKindDef>

</Defs>
